Date,Price
10-07-2015,51.830002
13-07-2015,52.431999
14-07-2015,53.130001
15-07-2015,52.627998
16-07-2015,53.335999
17-07-2015,54.931999
20-07-2015,56.452
21-07-2015,53.354
22-07-2015,53.574001
23-07-2015,53.439999
24-07-2015,53.082001
27-07-2015,50.602001
28-07-2015,52.964001
29-07-2015,52.764
30-07-2015,53.358002
31-07-2015,53.23
03-08-2015,51.998001
04-08-2015,53.256001
05-08-2015,54.026001
06-08-2015,49.226002
07-08-2015,48.501999
10-08-2015,48.228001
11-08-2015,47.473999
12-08-2015,47.633999
13-08-2015,48.501999
14-08-2015,48.630001
17-08-2015,50.998001
18-08-2015,52.144001
19-08-2015,51.049999
20-08-2015,48.436001
21-08-2015,46.153999
24-08-2015,43.773998
25-08-2015,44.006001
26-08-2015,44.967999
27-08-2015,48.598
28-08-2015,49.695999
31-08-2015,49.812
01-09-2015,47.726002
02-09-2015,49.537998
03-09-2015,49.113998
04-09-2015,48.386002
08-09-2015,49.633999
09-09-2015,49.782001
10-09-2015,49.695999
11-09-2015,50.048
14-09-2015,50.638
15-09-2015,50.714001
16-09-2015,52.450001
17-09-2015,52.414001
18-09-2015,52.124001
21-09-2015,52.84
22-09-2015,52.188
23-09-2015,52.212002
24-09-2015,52.624001
25-09-2015,51.382
28-09-2015,49.686001
29-09-2015,49.330002
30-09-2015,49.68
01-10-2015,47.976002
02-10-2015,49.514
05-10-2015,49.23
06-10-2015,48.292
07-10-2015,46.391998
08-10-2015,45.344002
09-10-2015,44.138
12-10-2015,43.116001
13-10-2015,43.849998
14-10-2015,43.375999
15-10-2015,44.262001
16-10-2015,45.402
19-10-2015,45.619999
20-10-2015,42.605999
21-10-2015,42.018002
22-10-2015,42.344002
23-10-2015,41.818001
26-10-2015,43.051998
27-10-2015,42.07
28-10-2015,42.591999
29-10-2015,42.326
30-10-2015,41.386002
02-11-2015,42.757999
03-11-2015,41.669998
04-11-2015,46.326
05-11-2015,46.354
06-11-2015,46.472
09-11-2015,45.066002
10-11-2015,43.299999
11-11-2015,43.816002
12-11-2015,42.588001
13-11-2015,41.438
16-11-2015,42.862
17-11-2015,42.799999
18-11-2015,44.214001
19-11-2015,44.360001
20-11-2015,44.001999
23-11-2015,43.549999
24-11-2015,43.650002
25-11-2015,45.928001
27-11-2015,46.321999
30-11-2015,46.051998
01-12-2015,47.438
02-12-2015,46.397999
03-12-2015,46.542
04-12-2015,46.076
07-12-2015,46.226002
08-12-2015,45.344002
09-12-2015,44.903999
10-12-2015,45.414001
11-12-2015,43.403999
14-12-2015,43.716
15-12-2015,44.217999
16-12-2015,46.902
17-12-2015,46.678001
18-12-2015,46.091999
21-12-2015,46.512001
22-12-2015,45.990002
23-12-2015,45.939999
24-12-2015,46.113998
28-12-2015,45.790001
29-12-2015,47.438
30-12-2015,47.618
31-12-2015,48.001999
04-01-2016,44.681999
05-01-2016,44.686001
06-01-2016,43.807999
07-01-2016,43.130001
08-01-2016,42.200001
11-01-2016,41.57
12-01-2016,41.993999
13-01-2016,40.062
14-01-2016,41.236
15-01-2016,40.998001
19-01-2016,40.944
20-01-2016,39.740002
21-01-2016,39.993999
22-01-2016,40.509998
25-01-2016,39.276001
26-01-2016,38.712002
27-01-2016,37.613998
28-01-2016,37.939999
29-01-2016,38.240002
01-02-2016,39.388
02-02-2016,36.556
03-02-2016,34.695999
04-02-2016,35.066002
05-02-2016,32.52
08-02-2016,29.598
09-02-2016,29.65
10-02-2016,28.733999
11-02-2016,30.094
12-02-2016,30.208
16-02-2016,31.034
17-02-2016,33.736
18-02-2016,33.354
19-02-2016,33.316002
22-02-2016,35.548
23-02-2016,35.442001
24-02-2016,35.799999
25-02-2016,37.486
26-02-2016,38.068001
29-02-2016,38.386002
01-03-2016,37.27
02-03-2016,37.667999
03-03-2016,39.147999
04-03-2016,40.208
07-03-2016,41.057999
08-03-2016,40.52
09-03-2016,41.743999
10-03-2016,41.035999
11-03-2016,41.5
14-03-2016,43.029999
15-03-2016,43.667999
16-03-2016,44.386002
17-03-2016,45.276001
18-03-2016,46.548
21-03-2016,47.664001
22-03-2016,46.848
23-03-2016,44.515999
24-03-2016,45.549999
28-03-2016,46.051998
29-03-2016,46.026001
30-03-2016,45.377998
31-03-2016,45.953999
01-04-2016,47.518002
04-04-2016,49.397999
05-04-2016,51.094002
06-04-2016,53.084
07-04-2016,51.439999
08-04-2016,50.014
11-04-2016,49.984001
12-04-2016,49.563999
13-04-2016,50.905998
14-04-2016,50.372002
15-04-2016,50.902
18-04-2016,50.776001
19-04-2016,49.473999
20-04-2016,49.993999
21-04-2016,49.658001
22-04-2016,50.75
25-04-2016,50.363998
26-04-2016,50.748001
27-04-2016,50.293999
28-04-2016,49.542
29-04-2016,48.152
02-05-2016,48.360001
03-05-2016,46.464001
04-05-2016,44.512001
05-05-2016,42.306
06-05-2016,42.986
09-05-2016,41.784
10-05-2016,41.737999
11-05-2016,41.792
12-05-2016,41.456001
13-05-2016,41.521999
16-05-2016,41.658001
17-05-2016,40.931999
18-05-2016,42.234001
19-05-2016,43.042
20-05-2016,44.056
23-05-2016,43.243999
24-05-2016,43.582001
25-05-2016,43.916
26-05-2016,45.023998
27-05-2016,44.608002
31-05-2016,44.646
01-06-2016,43.911999
02-06-2016,43.792
03-06-2016,43.798
06-06-2016,44.136002
07-06-2016,46.467999
08-06-2016,47.104
09-06-2016,45.872002
10-06-2016,43.757999
13-06-2016,43.574001
14-06-2016,42.992001
15-06-2016,43.540001
16-06-2016,43.585999
17-06-2016,43.094002
20-06-2016,43.939999
21-06-2016,43.922001
22-06-2016,39.332001
23-06-2016,39.279999
24-06-2016,38.630001
27-06-2016,39.709999
28-06-2016,40.358002
29-06-2016,42.037998
30-06-2016,42.456001
01-07-2016,43.299999
05-07-2016,42.796001
06-07-2016,42.888
07-07-2016,43.188
08-07-2016,43.355999
11-07-2016,44.956001
12-07-2016,44.93
13-07-2016,44.506001
14-07-2016,44.306
15-07-2016,44.080002
18-07-2016,45.25
19-07-2016,45.051998
20-07-2016,45.672001
21-07-2016,44.099998
22-07-2016,44.453999
25-07-2016,46.001999
26-07-2016,45.902
27-07-2016,45.698002
28-07-2016,46.122002
29-07-2016,46.958
01-08-2016,46.001999
02-08-2016,45.439999
03-08-2016,45.158001
04-08-2016,46.122002
05-08-2016,46.006001
08-08-2016,45.231998
09-08-2016,45.816002
10-08-2016,45.130001
11-08-2016,44.981998
12-08-2016,45.122002
15-08-2016,45.118
16-08-2016,44.722
17-08-2016,44.647999
18-08-2016,44.702
19-08-2016,45
22-08-2016,44.585999
23-08-2016,44.967999
24-08-2016,44.523998
25-08-2016,44.192001
26-08-2016,43.998001
29-08-2016,43.040001
30-08-2016,42.268002
31-08-2016,42.402
01-09-2016,40.153999
02-09-2016,39.556
06-09-2016,40.566002
07-09-2016,40.341999
08-09-2016,39.472
09-09-2016,38.894001
12-09-2016,39.66
13-09-2016,39.209999
14-09-2016,39.282001
15-09-2016,40.084
16-09-2016,41.080002
19-09-2016,41.268002
20-09-2016,40.928001
21-09-2016,41.043999
22-09-2016,41.285999
23-09-2016,41.490002
26-09-2016,41.798
27-09-2016,41.161999
28-09-2016,41.254002
29-09-2016,40.139999
30-09-2016,40.806
03-10-2016,42.740002
04-10-2016,42.282001
05-10-2016,41.692001
06-10-2016,40.200001
07-10-2016,39.321999
10-10-2016,40.189999
11-10-2016,40.02
12-10-2016,40.301998
13-10-2016,40.048
14-10-2016,39.301998
17-10-2016,38.792
18-10-2016,39.82
19-10-2016,40.712002
20-10-2016,39.82
21-10-2016,40.018002
24-10-2016,40.551998
25-10-2016,40.467999
26-10-2016,40.448002
27-10-2016,40.801998
28-10-2016,39.993999
31-10-2016,39.546001
01-11-2016,38.158001
02-11-2016,37.604
03-11-2016,37.484001
04-11-2016,38.112
07-11-2016,38.641998
08-11-2016,38.987999
09-11-2016,38.012001
10-11-2016,37.07
11-11-2016,37.712002
14-11-2016,36.290001
15-11-2016,36.754002
16-11-2016,36.785999
17-11-2016,37.731998
18-11-2016,37.004002
21-11-2016,36.903999
22-11-2016,38.234001
23-11-2016,38.627998
25-11-2016,39.330002
28-11-2016,39.223999
29-11-2016,37.914001
30-11-2016,37.880001
01-12-2016,36.375999
02-12-2016,36.293999
05-12-2016,37.360001
06-12-2016,37.169998
07-12-2016,38.630001
08-12-2016,38.458
09-12-2016,38.436001
12-12-2016,38.486
13-12-2016,39.630001
14-12-2016,39.737999
15-12-2016,39.515999
16-12-2016,40.498001
19-12-2016,40.546001
20-12-2016,41.757999
21-12-2016,41.540001
22-12-2016,41.689999
23-12-2016,42.667999
27-12-2016,43.905998
28-12-2016,43.948002
29-12-2016,42.936001
30-12-2016,42.737999
03-01-2017,43.397999
04-01-2017,45.397999
05-01-2017,45.349998
06-01-2017,45.801998
09-01-2017,46.256001
10-01-2017,45.973999
11-01-2017,45.945999
12-01-2017,45.917999
13-01-2017,47.549999
17-01-2017,47.116001
18-01-2017,47.672001
19-01-2017,48.751999
20-01-2017,48.945999
23-01-2017,49.784
24-01-2017,50.922001
25-01-2017,50.894001
26-01-2017,50.501999
27-01-2017,50.59
30-01-2017,50.125999
31-01-2017,50.386002
01-02-2017,49.848
02-02-2017,50.310001
03-02-2017,50.265999
06-02-2017,51.554001
07-02-2017,51.495998
08-02-2017,52.416
09-02-2017,53.84
10-02-2017,53.846001
13-02-2017,56.119999
14-02-2017,56.195999
15-02-2017,55.952
16-02-2017,53.790001
17-02-2017,54.445999
21-02-2017,55.478001
22-02-2017,54.702
23-02-2017,51.198002
24-02-2017,51.400002
27-02-2017,49.245998
28-02-2017,49.998001
01-03-2017,50.004002
02-03-2017,50.096001
03-03-2017,50.313999
06-03-2017,50.242001
07-03-2017,49.717999
08-03-2017,49.374001
09-03-2017,48.98
10-03-2017,48.737999
13-03-2017,49.234001
14-03-2017,51.599998
15-03-2017,51.146
16-03-2017,52.41
17-03-2017,52.299999
20-03-2017,52.383999
21-03-2017,50.136002
22-03-2017,51.001999
23-03-2017,50.956001
24-03-2017,52.632
27-03-2017,54.043999
28-03-2017,55.490002
29-03-2017,55.476002
30-03-2017,55.584
31-03-2017,55.66
03-04-2017,59.703999
04-04-2017,60.740002
05-04-2017,59
06-04-2017,59.740002
07-04-2017,60.507999
10-04-2017,62.478001
11-04-2017,61.742001
12-04-2017,59.368
13-04-2017,60.799999
17-04-2017,60.287998
18-04-2017,60.049999
19-04-2017,61.104
20-04-2017,60.501999
21-04-2017,61.119999
24-04-2017,61.605999
25-04-2017,62.757999
26-04-2017,62.034
27-04-2017,61.726002
28-04-2017,62.813999
01-05-2017,64.566002
02-05-2017,63.778
03-05-2017,62.203999
04-05-2017,59.091999
05-05-2017,61.669998
08-05-2017,61.438
09-05-2017,64.251999
10-05-2017,65.043999
11-05-2017,64.620003
12-05-2017,64.961998
15-05-2017,63.175999
16-05-2017,63.402
17-05-2017,61.222
18-05-2017,62.612
19-05-2017,62.166
22-05-2017,62.07
23-05-2017,60.771999
24-05-2017,62.043999
25-05-2017,63.366001
26-05-2017,65.028
30-05-2017,67.019997
31-05-2017,68.202003
01-06-2017,68.073997
02-06-2017,67.970001
05-06-2017,69.463997
06-06-2017,70.57
07-06-2017,71.93
08-06-2017,74
09-06-2017,71.463997
12-06-2017,71.802002
13-06-2017,75.190002
14-06-2017,76.132004
15-06-2017,75.068001
16-06-2017,74.279999
19-06-2017,73.959999
20-06-2017,74.447998
21-06-2017,75.279999
22-06-2017,76.522003
23-06-2017,76.690002
26-06-2017,75.498001
27-06-2017,72.473999
28-06-2017,74.248001
29-06-2017,72.150002
30-06-2017,72.321999
03-07-2017,70.524002
05-07-2017,65.417999
06-07-2017,61.765999
07-07-2017,62.644001
10-07-2017,63.209999
11-07-2017,65.444
12-07-2017,65.903999
13-07-2017,64.681999
14-07-2017,65.556
17-07-2017,63.914001
18-07-2017,65.648003
19-07-2017,65.052002
20-07-2017,65.984001
21-07-2017,65.68
24-07-2017,68.503998
25-07-2017,67.919998
26-07-2017,68.769997
27-07-2017,66.891998
28-07-2017,67.014
31-07-2017,64.694
01-08-2017,63.914001
02-08-2017,65.178001
03-08-2017,69.417999
04-08-2017,71.382004
07-08-2017,71.033997
08-08-2017,73.043999
09-08-2017,72.706001
10-08-2017,71.080002
11-08-2017,71.573997
14-08-2017,72.760002
15-08-2017,72.466003
16-08-2017,72.582001
17-08-2017,70.384003
18-08-2017,69.491997
21-08-2017,67.571999
22-08-2017,68.269997
23-08-2017,70.554001
24-08-2017,70.585999
25-08-2017,69.610001
28-08-2017,69.132004
29-08-2017,69.472
30-08-2017,70.636002
31-08-2017,71.18
01-09-2017,71.080002
05-09-2017,69.917999
06-09-2017,68.905998
07-09-2017,70.122002
08-09-2017,68.68
11-09-2017,72.737999
12-09-2017,72.550003
13-09-2017,73.246002
14-09-2017,75.528
15-09-2017,75.961998
18-09-2017,77
19-09-2017,75.019997
20-09-2017,74.781998
21-09-2017,73.295998
22-09-2017,70.218002
25-09-2017,68.998001
26-09-2017,69.050003
27-09-2017,68.194
28-09-2017,67.919998
29-09-2017,68.220001
02-10-2017,68.306
03-10-2017,69.627998
04-10-2017,71.001999
05-10-2017,71.066002
06-10-2017,71.375999
09-10-2017,68.587997
10-10-2017,71.117996
11-10-2017,70.919998
12-10-2017,71.136002
13-10-2017,71.113998
16-10-2017,70.120003
17-10-2017,71.150002
18-10-2017,71.93
19-10-2017,70.362
20-10-2017,69.019997
23-10-2017,67.403999
24-10-2017,67.468002
25-10-2017,65.167999
26-10-2017,65.234001
27-10-2017,64.174004
30-10-2017,64.015999
31-10-2017,66.306
01-11-2017,64.216003
02-11-2017,59.852001
03-11-2017,61.217999
06-11-2017,60.556
07-11-2017,61.209999
08-11-2017,60.877998
09-11-2017,60.598
10-11-2017,60.598
13-11-2017,63.080002
14-11-2017,61.740002
15-11-2017,62.259998
16-11-2017,62.5
17-11-2017,63.009998
20-11-2017,61.748001
21-11-2017,63.562
22-11-2017,62.52
24-11-2017,63.110001
27-11-2017,63.362
28-11-2017,63.509998
29-11-2017,61.507999
30-11-2017,61.77
01-12-2017,61.306
04-12-2017,61.040001
05-12-2017,60.740002
06-12-2017,62.652
07-12-2017,62.248001
08-12-2017,63.026001
11-12-2017,65.781998
12-12-2017,68.206001
13-12-2017,67.806
14-12-2017,67.578003
15-12-2017,68.690002
18-12-2017,67.774002
19-12-2017,66.220001
20-12-2017,65.795998
21-12-2017,66.332001
22-12-2017,65.040001
26-12-2017,63.458
27-12-2017,62.327999
28-12-2017,63.071999
29-12-2017,62.27
02-01-2018,64.106003
03-01-2018,63.450001
04-01-2018,62.924
05-01-2018,63.316002
08-01-2018,67.281998
09-01-2018,66.737999
10-01-2018,66.959999
11-01-2018,67.589996
12-01-2018,67.244003
16-01-2018,68.012001
17-01-2018,69.431999
18-01-2018,68.914001
19-01-2018,70.003998
22-01-2018,70.311996
23-01-2018,70.557999
24-01-2018,69.178001
25-01-2018,67.528
26-01-2018,68.57
29-01-2018,69.905998
30-01-2018,69.164001
31-01-2018,70.862
01-02-2018,69.849998
02-02-2018,68.75
05-02-2018,66.625999
06-02-2018,66.793999
07-02-2018,69
08-02-2018,63.046001
09-02-2018,62.084
12-02-2018,63.146
13-02-2018,64.732002
14-02-2018,64.461998
15-02-2018,66.814003
16-02-2018,67.098
20-02-2018,66.954002
21-02-2018,66.660004
22-02-2018,69.234001
23-02-2018,70.410004
26-02-2018,71.484001
27-02-2018,70.197998
28-02-2018,68.612
01-03-2018,66.185997
02-03-2018,67.024002
05-03-2018,66.669998
06-03-2018,65.639999
07-03-2018,66.459999
08-03-2018,65.82
09-03-2018,65.433998
12-03-2018,69.101997
13-03-2018,68.367996
14-03-2018,65.325996
15-03-2018,65.120003
16-03-2018,64.269997
19-03-2018,62.712002
20-03-2018,62.110001
21-03-2018,63.306
22-03-2018,61.82
23-03-2018,60.307999
26-03-2018,60.835999
27-03-2018,55.835999
28-03-2018,51.556
29-03-2018,53.226002
02-04-2018,50.495998
03-04-2018,53.506001
04-04-2018,57.388
05-04-2018,61.144001
06-04-2018,59.860001
09-04-2018,57.931999
10-04-2018,60.939999
11-04-2018,60.186001
12-04-2018,58.816002
13-04-2018,60.068001
16-04-2018,58.242001
17-04-2018,57.537998
18-04-2018,58.669998
19-04-2018,60.015999
20-04-2018,58.048
23-04-2018,56.674
24-04-2018,56.692001
25-04-2018,56.138
26-04-2018,57.096001
27-04-2018,58.816002
30-04-2018,58.779999
01-05-2018,59.984001
02-05-2018,60.23
03-05-2018,56.889999
04-05-2018,58.818001
07-05-2018,60.554001
08-05-2018,60.394001
09-05-2018,61.369999
10-05-2018,61.004002
11-05-2018,60.212002
14-05-2018,58.394001
15-05-2018,56.835999
16-05-2018,57.296001
17-05-2018,56.908001
18-05-2018,55.363998
21-05-2018,56.897999
22-05-2018,55.001999
23-05-2018,55.813999
24-05-2018,55.57
25-05-2018,55.77
29-05-2018,56.751999
30-05-2018,58.344002
31-05-2018,56.945999
01-06-2018,58.363998
04-06-2018,59.348
05-06-2018,58.226002
06-06-2018,63.900002
07-06-2018,63.217999
08-06-2018,63.532001
11-06-2018,66.419998
12-06-2018,68.554001
13-06-2018,68.956001
14-06-2018,71.543999
15-06-2018,71.634003
18-06-2018,74.166
19-06-2018,70.510002
20-06-2018,72.444
21-06-2018,69.501999
22-06-2018,66.725998
25-06-2018,66.601997
26-06-2018,68.400002
27-06-2018,68.900002
28-06-2018,69.986
29-06-2018,68.589996
02-07-2018,67.014
03-07-2018,62.172001
05-07-2018,61.832001
06-07-2018,61.779999
09-07-2018,63.702
10-07-2018,64.494003
11-07-2018,63.792
12-07-2018,63.341999
13-07-2018,63.773998
16-07-2018,62.02
17-07-2018,64.538002
18-07-2018,64.769997
19-07-2018,64.045998
20-07-2018,62.716
23-07-2018,60.639999
24-07-2018,59.486
25-07-2018,61.748001
26-07-2018,61.330002
27-07-2018,59.436001
30-07-2018,58.034
31-07-2018,59.627998
01-08-2018,60.167999
02-08-2018,69.907997
03-08-2018,69.634003
06-08-2018,68.398003
07-08-2018,75.914001
08-08-2018,74.068001
09-08-2018,70.489998
10-08-2018,71.098
13-08-2018,71.281998
14-08-2018,69.528
15-08-2018,67.737999
16-08-2018,67.089996
17-08-2018,61.099998
20-08-2018,61.688
21-08-2018,64.379997
22-08-2018,64.328003
23-08-2018,64.019997
24-08-2018,64.564003
27-08-2018,63.854
28-08-2018,62.372002
29-08-2018,61.001999
30-08-2018,60.630001
31-08-2018,60.332001
04-09-2018,57.790001
05-09-2018,56.147999
06-09-2018,56.189999
07-09-2018,52.647999
10-09-2018,57.099998
11-09-2018,55.888
12-09-2018,58.108002
13-09-2018,57.891998
14-09-2018,59.040001
17-09-2018,58.967999
18-09-2018,56.992001
19-09-2018,59.804001
20-09-2018,59.666
21-09-2018,59.82
24-09-2018,59.936001
25-09-2018,60.198002
26-09-2018,61.916
27-09-2018,61.504002
28-09-2018,52.953999
01-10-2018,62.139999
02-10-2018,60.203999
03-10-2018,58.959999
04-10-2018,56.366001
05-10-2018,52.389999
08-10-2018,50.112
09-10-2018,52.560001
10-10-2018,51.375999
11-10-2018,50.445999
12-10-2018,51.756001
15-10-2018,51.917999
16-10-2018,55.318001
17-10-2018,54.355999
18-10-2018,52.782001
19-10-2018,52
22-10-2018,52.189999
23-10-2018,58.827999
24-10-2018,57.700001
25-10-2018,62.972
26-10-2018,66.18
29-10-2018,66.970001
30-10-2018,65.980003
31-10-2018,67.463997
01-11-2018,68.856003
02-11-2018,69.281998
05-11-2018,68.279999
06-11-2018,68.211998
07-11-2018,69.632004
08-11-2018,70.279999
09-11-2018,70.101997
12-11-2018,66.255997
13-11-2018,67.746002
14-11-2018,68.800003
15-11-2018,69.688004
16-11-2018,70.862
19-11-2018,70.694
20-11-2018,69.498001
21-11-2018,67.638
23-11-2018,65.166
26-11-2018,69.199997
27-11-2018,68.783997
28-11-2018,69.573997
29-11-2018,68.234001
30-11-2018,70.096001
03-12-2018,71.697998
04-12-2018,71.940002
06-12-2018,72.612
07-12-2018,71.594002
10-12-2018,73.029999
11-12-2018,73.351997
12-12-2018,73.32
13-12-2018,75.358002
14-12-2018,73.141998
17-12-2018,69.683998
18-12-2018,67.405998
19-12-2018,66.594002
20-12-2018,63.076
21-12-2018,63.953999
24-12-2018,59.077999
26-12-2018,65.218002
27-12-2018,63.226002
28-12-2018,66.774002
31-12-2018,66.559998
02-01-2019,62.023998
03-01-2019,60.071999
04-01-2019,63.537998
07-01-2019,66.991997
08-01-2019,67.07
09-01-2019,67.706001
10-01-2019,68.994003
11-01-2019,69.452003
14-01-2019,66.879997
15-01-2019,68.886002
16-01-2019,69.209999
17-01-2019,69.461998
18-01-2019,60.452
22-01-2019,59.784
23-01-2019,57.518002
24-01-2019,58.301998
25-01-2019,59.408001
28-01-2019,59.276001
29-01-2019,59.492001
30-01-2019,61.754002
31-01-2019,61.403999
01-02-2019,62.442001
04-02-2019,62.577999
05-02-2019,64.269997
06-02-2019,63.444
07-02-2019,61.501999
08-02-2019,61.16
11-02-2019,62.568001
12-02-2019,62.362
13-02-2019,61.633999
14-02-2019,60.754002
15-02-2019,61.576
19-02-2019,61.127998
20-02-2019,60.512001
21-02-2019,58.245998
22-02-2019,58.942001
25-02-2019,59.754002
26-02-2019,59.571999
27-02-2019,62.948002
28-02-2019,63.976002
01-03-2019,58.958
04-03-2019,57.071999
05-03-2019,55.307999
06-03-2019,55.248001
07-03-2019,55.318001
08-03-2019,56.827999
11-03-2019,58.183998
12-03-2019,56.672001
13-03-2019,57.792
14-03-2019,57.992001
15-03-2019,55.085999
18-03-2019,53.897999
19-03-2019,53.493999
20-03-2019,54.720001
21-03-2019,54.804001
22-03-2019,52.905998
25-03-2019,52.084
26-03-2019,53.554001
27-03-2019,54.966
28-03-2019,55.723999
29-03-2019,55.972
01-04-2019,57.835999
02-04-2019,57.175999
03-04-2019,58.362
04-04-2019,53.556
05-04-2019,54.992001
08-04-2019,54.639999
09-04-2019,54.462002
10-04-2019,55.212002
11-04-2019,53.683998
12-04-2019,53.540001
15-04-2019,53.276001
16-04-2019,54.672001
17-04-2019,54.245998
18-04-2019,54.652
22-04-2019,52.549999
23-04-2019,52.779999
24-04-2019,51.731998
25-04-2019,49.526001
26-04-2019,47.028
29-04-2019,48.293999
30-04-2019,47.737999
01-05-2019,46.801998
02-05-2019,48.82
03-05-2019,51.006001
06-05-2019,51.068001
07-05-2019,49.411999
08-05-2019,48.967999
09-05-2019,48.396
10-05-2019,47.903999
13-05-2019,45.402
14-05-2019,46.462002
15-05-2019,46.389999
16-05-2019,45.666
17-05-2019,42.206001
20-05-2019,41.071999
21-05-2019,41.015999
22-05-2019,38.546001
23-05-2019,39.098
24-05-2019,38.125999
28-05-2019,37.740002
29-05-2019,37.972
30-05-2019,37.644001
31-05-2019,37.032001
03-06-2019,35.793999
04-06-2019,38.720001
05-06-2019,39.318001
06-06-2019,41.189999
07-06-2019,40.900002
10-06-2019,42.576
11-06-2019,43.419998
12-06-2019,41.852001
13-06-2019,42.782001
14-06-2019,42.984001
17-06-2019,45.006001
18-06-2019,44.948002
19-06-2019,45.285999
20-06-2019,43.924
21-06-2019,44.372002
24-06-2019,44.728001
25-06-2019,43.952
26-06-2019,43.854
27-06-2019,44.568001
28-06-2019,44.692001
01-07-2019,45.433998
02-07-2019,44.91
03-07-2019,46.98
05-07-2019,46.619999
08-07-2019,46.068001
09-07-2019,46.012001
10-07-2019,47.784
11-07-2019,47.720001
12-07-2019,49.015999
15-07-2019,50.700001
16-07-2019,50.476002
17-07-2019,50.972
18-07-2019,50.708
19-07-2019,51.636002
22-07-2019,51.136002
23-07-2019,52.034
24-07-2019,52.976002
25-07-2019,45.764
26-07-2019,45.608002
29-07-2019,47.153999
30-07-2019,48.452
31-07-2019,48.321999
01-08-2019,46.77
02-08-2019,46.868
05-08-2019,45.664001
06-08-2019,46.150002
07-08-2019,46.683998
08-08-2019,47.66
09-08-2019,47.001999
12-08-2019,45.801998
13-08-2019,47
14-08-2019,43.924
15-08-2019,43.127998
16-08-2019,43.987999
19-08-2019,45.366001
20-08-2019,45.172001
21-08-2019,44.166
22-08-2019,44.43
23-08-2019,42.279999
26-08-2019,43
27-08-2019,42.816002
28-08-2019,43.118
29-08-2019,44.341999
30-08-2019,45.122002
03-09-2019,45.001999
04-09-2019,44.136002
05-09-2019,45.916
06-09-2019,45.490002
09-09-2019,46.358002
10-09-2019,47.108002
11-09-2019,49.419998
12-09-2019,49.174
13-09-2019,49.040001
16-09-2019,48.562
17-09-2019,48.958
18-09-2019,48.698002
19-09-2019,49.32
20-09-2019,48.124001
23-09-2019,48.245998
24-09-2019,44.641998
25-09-2019,45.740002
26-09-2019,48.512001
27-09-2019,48.425999
30-09-2019,48.174
01-10-2019,48.938
02-10-2019,48.625999
03-10-2019,46.605999
04-10-2019,46.285999
07-10-2019,47.543999
08-10-2019,48.009998
09-10-2019,48.905998
10-10-2019,48.948002
11-10-2019,49.577999
14-10-2019,51.391998
15-10-2019,51.577999
16-10-2019,51.950001
17-10-2019,52.394001
18-10-2019,51.389999
21-10-2019,50.700001
22-10-2019,51.116001
23-10-2019,50.936001
24-10-2019,59.936001
25-10-2019,65.625999
28-10-2019,65.542
29-10-2019,63.243999
30-10-2019,63.001999
31-10-2019,62.984001
01-11-2019,62.661999
04-11-2019,63.493999
05-11-2019,63.444
06-11-2019,65.316002
07-11-2019,67.108002
08-11-2019,67.428001
11-11-2019,69.017998
12-11-2019,69.986
13-11-2019,69.222
14-11-2019,69.870003
15-11-2019,70.433998
18-11-2019,69.998001
19-11-2019,71.903999
20-11-2019,70.444
21-11-2019,70.966003
22-11-2019,66.608002
25-11-2019,67.267998
26-11-2019,65.783997
27-11-2019,66.258003
29-11-2019,65.987999
02-12-2019,66.973999
03-12-2019,67.239998
04-12-2019,66.606003
05-12-2019,66.073997
06-12-2019,67.178001
09-12-2019,67.905998
10-12-2019,69.767998
11-12-2019,70.540001
12-12-2019,71.935997
13-12-2019,71.678001
16-12-2019,76.300003
17-12-2019,75.797997
18-12-2019,78.629997
19-12-2019,80.807999
20-12-2019,81.117996
23-12-2019,83.844002
24-12-2019,85.050003
26-12-2019,86.188004
27-12-2019,86.075996
30-12-2019,82.940002
31-12-2019,83.666
02-01-2020,86.052002
03-01-2020,88.601997
06-01-2020,90.307999
07-01-2020,93.811996
08-01-2020,98.428001
09-01-2020,96.267998
10-01-2020,95.629997
13-01-2020,104.972
14-01-2020,107.584
15-01-2020,103.699997
16-01-2020,102.697998
17-01-2020,102.099998
21-01-2020,109.440002
22-01-2020,113.912003
23-01-2020,114.440002
24-01-2020,112.963997
27-01-2020,111.603996
28-01-2020,113.379997
29-01-2020,116.197998
30-01-2020,128.162003
31-01-2020,130.113998
03-02-2020,156
04-02-2020,177.412003
05-02-2020,146.940002
06-02-2020,149.792007
07-02-2020,149.613998
10-02-2020,154.255997
11-02-2020,154.876007
12-02-2020,153.457993
13-02-2020,160.800003
14-02-2020,160.005997
18-02-2020,171.679993
19-02-2020,183.483994
20-02-2020,179.882004
21-02-2020,180.199997
24-02-2020,166.757996
25-02-2020,159.981995
26-02-2020,155.759995
27-02-2020,135.800003
28-02-2020,133.598007
02-03-2020,148.723999
03-03-2020,149.102005
04-03-2020,149.899994
05-03-2020,144.908005
06-03-2020,140.695999
09-03-2020,121.599998
10-03-2020,129.065994
11-03-2020,126.846001
12-03-2020,112.110001
13-03-2020,109.323997
16-03-2020,89.014
17-03-2020,86.040001
18-03-2020,72.244003
19-03-2020,85.528
20-03-2020,85.505997
23-03-2020,86.858002
24-03-2020,101
25-03-2020,107.849998
26-03-2020,105.632004
27-03-2020,102.872002
30-03-2020,100.426003
31-03-2020,104.800003
01-04-2020,96.311996
02-04-2020,90.893997
03-04-2020,96.001999
06-04-2020,103.248001
07-04-2020,109.089996
08-04-2020,109.767998
09-04-2020,114.599998
13-04-2020,130.190002
14-04-2020,141.977997
15-04-2020,145.966003
16-04-2020,149.042007
17-04-2020,150.778
20-04-2020,149.272003
21-04-2020,137.343994
22-04-2020,146.421997
23-04-2020,141.126007
24-04-2020,145.029999
27-04-2020,159.75
28-04-2020,153.824005
29-04-2020,160.102005
30-04-2020,156.376007
01-05-2020,140.264008
04-05-2020,152.238007
05-05-2020,153.641998
06-05-2020,156.516006
07-05-2020,156.007996
08-05-2020,163.884003
11-05-2020,162.257996
12-05-2020,161.882004
13-05-2020,158.192001
14-05-2020,160.666
15-05-2020,159.834
18-05-2020,162.725998
19-05-2020,161.602005
20-05-2020,163.112
21-05-2020,165.520004
22-05-2020,163.376007
26-05-2020,163.774002
27-05-2020,164.046005
28-05-2020,161.162003
29-05-2020,167
01-06-2020,179.619995
02-06-2020,176.311996
03-06-2020,176.591995
04-06-2020,172.876007
05-06-2020,177.132004
08-06-2020,189.983994
09-06-2020,188.134003
10-06-2020,205.009995
11-06-2020,194.567993
12-06-2020,187.056
15-06-2020,198.179993
16-06-2020,196.425995
17-06-2020,198.358002
18-06-2020,200.792007
19-06-2020,200.179993
22-06-2020,198.863998
23-06-2020,200.356003
24-06-2020,192.169998
25-06-2020,197.195999
26-06-2020,191.947998
29-06-2020,201.869995
30-06-2020,215.962006
01-07-2020,223.925995
02-07-2020,241.731995
06-07-2020,274.31601
07-07-2020,277.971985
08-07-2020,273.175995
09-07-2020,278.855988
